{
    "name": "ISYVictronEnergy",
    "docs": "https://github.com/awysocki/ISYVictronEnergy/blob/main/README.md",
    "type": "python3",
    "executable": "victron_energy.py",
    "install": "install.sh",
    "description": "Complete Victron Energy system integration for ISY - monitors battery monitors, solar chargers, inverters, and system gateways via VRM Portal API",
    "notice": "Requires VRM Portal API token and Installation ID. All device values default to zero until successful VRM connection is established.",
    "shortPoll": "60",
    "longPoll": "600",
    "profile_version": "1.0.0",
    "credits": [
        {
            "title": "ISY Victron Energy NodeServer",
            "author": "awysocki",
            "version": "1.0.0",
            "date": "July 27, 2025",
            "source": "https://github.com/awysocki/ISYVictronEnergy.git",
            "license": "https://github.com/awysocki/ISYVictronEnergy/blob/main/LICENSE"
        }
    ]
}
